entrega_id,pedido_id,transportadora_id,data_envio,data_entrega_prevista,data_entrega_real,status,atraso_dias,avaliacao_cliente
1,1,8,2023-11-20,2023-11-26,2023-11-26,Entregue,0,4
2,2,8,2023-09-19,2023-09-25,2023-09-28,Entregue,3,2
3,3,1,2023-11-14,2023-11-29,2023-11-29,Entregue,0,5
4,4,6,2023-11-07,2023-11-24,2023-11-24,Entregue,0,3
5,5,6,2023-05-09,2023-05-26,2023-05-26,Entregue,0,4
6,6,7,2023-12-17,2023-12-26,2023-12-26,Entregue,0,5
7,7,2,2023-02-14,2023-02-19,2023-02-19,Entregue,0,4
8,8,5,2023-12-12,2023-12-21,2023-12-21,Entregue,0,3
9,9,5,2023-04-10,2023-04-19,2023-04-19,Entregue,0,3
10,10,3,2023-11-14,2023-11-29,2023-11-29,Entregue,0,5
11,11,8,2023-01-26,2023-01-31,2023-01-31,Entregue,0,3
12,12,7,2023-04-12,2023-04-18,2023-04-18,Entregue,0,4
13,13,8,2023-11-09,2023-11-15,2023-11-15,Entregue,0,5
14,14,3,2023-03-07,2023-03-21,2023-03-21,Entregue,0,3
15,15,7,2023-06-29,2023-07-08,2023-07-08,Entregue,0,3
16,16,6,2023-07-12,2023-07-29,2023-07-29,Entregue,0,3
17,17,1,2023-09-02,2023-09-13,2023-09-13,Entregue,0,3
18,18,2,2023-03-20,2023-03-25,2023-03-29,Entregue,4,3
19,19,3,2023-02-27,2023-03-12,2023-03-12,Entregue,0,3
20,20,1,2023-10-21,2023-11-06,2023-11-06,Entregue,0,4
21,21,4,2023-07-13,2023-07-27,2023-07-27,Entregue,0,5
22,22,6,2023-06-23,2023-07-10,2023-07-10,Entregue,0,3
23,23,8,2023-11-23,2023-11-30,2023-12-02,Entregue,2,1
24,24,5,2023-06-13,2023-06-22,2023-06-28,Entregue,6,1
25,25,7,2023-01-27,2023-02-05,2023-02-05,Entregue,0,4
26,26,7,2023-09-15,2023-09-24,2023-09-29,Entregue,5,1
27,27,5,2023-02-25,2023-03-05,2023-03-05,Entregue,0,5
28,28,7,2023-12-23,2023-12-29,2024-01-05,Entregue,7,1
29,29,2,2023-07-07,2023-07-12,2023-07-12,Entregue,0,5
30,30,2,2023-07-18,2023-07-23,2023-07-23,Entregue,0,5
31,31,3,2023-06-13,2023-06-28,2023-06-28,Entregue,0,4
32,32,3,2023-05-15,2023-05-30,2023-05-30,Entregue,0,4
33,33,5,2023-02-17,2023-02-26,2023-02-26,Entregue,0,3
34,34,4,2023-09-19,2023-10-04,2023-10-04,Entregue,0,3
35,35,2,2023-10-24,2023-10-27,2023-10-31,Entregue,4,3
36,36,2,2023-08-02,2023-08-07,2023-08-07,Entregue,0,5
37,37,3,2023-10-11,2023-10-25,2023-10-25,Entregue,0,3
38,38,3,2023-06-29,2023-07-13,2023-07-13,Entregue,0,5
39,39,6,2023-11-26,2023-12-15,2023-12-15,Entregue,0,5
40,40,4,2023-02-13,2023-02-28,2023-02-28,Entregue,0,4
41,41,8,2023-11-20,2023-11-27,2023-11-28,Entregue,1,1
42,42,6,2023-09-08,2023-09-27,2023-09-27,Entregue,0,4
43,43,5,2023-07-10,2023-07-18,2023-07-18,Entregue,0,3
44,44,6,2023-06-01,2023-06-20,2023-06-22,Entregue,2,2
45,45,4,2023-06-09,2023-06-23,2023-06-26,Entregue,3,1
46,46,3,2023-09-13,2023-09-27,2023-09-27,Entregue,0,5
47,47,4,2023-07-08,2023-07-21,2023-07-21,Entregue,0,4
48,48,7,2023-09-17,2023-09-26,2023-09-26,Entregue,0,4
49,49,3,2023-04-13,2023-04-28,2023-04-28,Entregue,0,4
50,50,5,2023-11-10,2023-11-18,2023-11-18,Entregue,0,5
51,51,5,2023-06-05,2023-06-14,2023-06-14,Entregue,0,5
52,52,7,2023-05-17,2023-05-26,2023-06-01,Entregue,6,1
53,53,8,2023-12-26,2024-01-02,2024-01-02,Entregue,0,3
54,54,6,2023-08-02,2023-08-14,2023-08-14,Entregue,0,4
55,55,5,2023-04-02,2023-04-11,2023-04-11,Entregue,0,3
56,56,4,2023-10-16,2023-10-30,2023-10-30,Entregue,0,4
57,57,7,2023-06-30,2023-07-09,2023-07-09,Entregue,0,3
58,58,5,2023-05-30,2023-06-08,2023-06-08,Entregue,0,3
59,59,4,2023-05-20,2023-06-04,2023-06-04,Entregue,0,3
60,60,7,2023-06-20,2023-06-29,2023-06-29,Entregue,0,4
61,61,4,2023-05-31,2023-06-13,2023-06-13,Entregue,0,5
62,62,3,2023-08-04,2023-08-19,2023-08-19,Entregue,0,4
63,63,8,2023-06-05,2023-06-12,2023-06-12,Entregue,0,3
64,64,8,2023-04-10,2023-04-17,2023-04-17,Entregue,0,5
65,65,7,2023-06-25,2023-07-04,2023-07-04,Entregue,0,5
66,66,8,2023-07-26,2023-07-31,2023-07-31,Entregue,0,3
67,67,5,2023-07-18,2023-07-27,2023-07-27,Entregue,0,5
68,68,5,2023-12-03,2023-12-12,2023-12-12,Entregue,0,5
69,69,3,2023-11-26,2023-12-06,2023-12-06,Entregue,0,5
70,70,8,2023-12-29,2024-01-05,2024-01-05,Entregue,0,4
71,71,4,2023-03-02,2023-03-16,2023-03-16,Entregue,0,3
72,72,8,2023-09-25,2023-09-30,2023-09-30,Entregue,0,4
73,73,5,2023-08-04,2023-08-13,2023-08-13,Entregue,0,4
74,74,1,2023-04-25,2023-05-10,2023-05-10,Entregue,0,3
75,75,8,2023-05-29,2023-06-04,2023-06-04,Entregue,0,4
76,76,3,2023-12-18,2023-12-31,2023-12-31,Entregue,0,3
77,77,4,2023-06-03,2023-06-18,2023-06-18,Entregue,0,3
78,78,1,2023-03-02,2023-03-13,2023-03-14,Entregue,1,1
79,79,1,2023-11-06,2023-11-21,2023-11-21,Entregue,0,3
80,80,5,2023-03-14,2023-03-23,2023-03-23,Entregue,0,5
81,81,7,2023-06-06,2023-06-15,2023-06-15,Entregue,0,3
82,82,7,2023-09-28,2023-10-06,2023-10-11,Entregue,5,2
83,83,7,2023-06-06,2023-06-15,2023-06-15,Entregue,0,5
84,84,6,2023-05-07,2023-05-25,2023-05-31,Entregue,6,1
85,85,4,2023-07-15,2023-07-25,2023-07-25,Entregue,0,4
86,86,4,2023-04-20,2023-05-05,2023-05-05,Entregue,0,3
87,87,8,2023-07-16,2023-07-23,2023-07-23,Entregue,0,5
88,88,4,2023-04-18,2023-05-03,2023-05-03,Entregue,0,3
89,89,7,2023-10-28,2023-11-03,2023-11-03,Entregue,0,3
90,90,6,2023-12-03,2023-12-22,2023-12-28,Entregue,6,3
91,91,2,2023-10-06,2023-10-11,2023-10-11,Entregue,0,5
92,92,3,2023-08-03,2023-08-18,2023-08-23,Entregue,5,2
93,93,7,2023-11-16,2023-11-25,2023-11-30,Entregue,5,3
94,94,7,2023-05-30,2023-06-05,2023-06-05,Entregue,0,3
95,95,5,2023-09-29,2023-10-08,2023-10-08,Entregue,0,4
96,96,2,2023-07-13,2023-07-18,2023-07-18,Entregue,0,5
97,97,1,2023-07-30,2023-08-10,2023-08-10,Entregue,0,3
98,98,4,2023-11-28,2023-12-12,2023-12-19,Entregue,7,3
99,99,1,2023-01-27,2023-02-13,2023-02-20,Entregue,7,2
100,100,3,2023-10-30,2023-11-14,2023-11-14,Entregue,0,5
101,101,2,2023-06-20,2023-06-25,2023-06-25,Entregue,0,3
102,102,8,2023-06-19,2023-06-26,2023-06-26,Entregue,0,5
103,103,5,2023-04-07,2023-04-13,2023-04-13,Entregue,0,5
104,104,8,2023-06-14,2023-06-21,2023-06-21,Entregue,0,4
105,105,7,2023-02-17,2023-02-26,2023-02-27,Entregue,1,2
106,106,7,2023-07-19,2023-07-27,2023-07-27,Entregue,0,5
107,107,5,2023-09-25,2023-10-04,2023-10-04,Entregue,0,4
108,108,6,2023-03-28,2023-04-14,2023-04-14,Entregue,0,3
109,109,1,2023-08-25,2023-09-11,2023-09-11,Entregue,0,4
110,110,4,2023-08-16,2023-08-29,2023-08-29,Entregue,0,3
111,111,7,2023-06-01,2023-06-10,2023-06-10,Entregue,0,5
112,112,2,2023-04-06,2023-04-11,2023-04-11,Entregue,0,4
113,113,7,2023-11-24,2023-12-02,2023-12-02,Entregue,0,3
114,114,6,2023-10-27,2023-11-14,2023-11-14,Entregue,0,5
115,115,7,2023-05-11,2023-05-20,2023-05-20,Entregue,0,4
116,116,4,2023-01-07,2023-01-22,2023-01-22,Entregue,0,4
117,117,7,2023-03-21,2023-03-27,2023-03-27,Entregue,0,3
118,118,8,2023-07-01,2023-07-06,2023-07-06,Entregue,0,3
119,119,2,2023-06-14,2023-06-19,2023-06-22,Entregue,3,3
120,120,8,2023-05-07,2023-05-13,2023-05-13,Entregue,0,4
121,121,7,2023-11-27,2023-12-06,2023-12-06,Entregue,0,5
122,122,3,2023-05-24,2023-06-03,2023-06-03,Entregue,0,3
123,123,2,2023-05-18,2023-05-23,2023-05-23,Entregue,0,4
124,124,2,2023-11-13,2023-11-16,2023-11-16,Entregue,0,5
125,125,8,2023-07-19,2023-07-26,2023-07-26,Entregue,0,5
126,126,1,2023-03-29,2023-04-15,2023-04-15,Entregue,0,3
127,127,8,2023-04-13,2023-04-20,2023-04-20,Entregue,0,4
128,128,5,2023-02-13,2023-02-19,2023-02-19,Entregue,0,4
129,129,5,2023-09-20,2023-09-29,2023-09-29,Entregue,0,4
130,130,4,2023-10-10,2023-10-20,2023-10-20,Entregue,0,3
131,131,4,2023-06-29,2023-07-14,2023-07-20,Entregue,6,3
132,132,5,2023-03-29,2023-04-07,2023-04-07,Entregue,0,3
133,133,5,2023-05-30,2023-06-08,2023-06-08,Entregue,0,3
134,134,5,2023-03-17,2023-03-23,2023-03-23,Entregue,0,4
135,135,5,2023-11-24,2023-11-30,2023-11-30,Entregue,0,4
136,136,7,2023-06-20,2023-06-29,2023-07-03,Entregue,4,1
137,137,8,2023-06-16,2023-06-21,2023-06-21,Entregue,0,5
138,138,1,2023-02-22,2023-03-11,2023-03-11,Entregue,0,4
139,139,6,2023-12-02,2023-12-21,2023-12-21,Entregue,0,4
140,140,2,2023-07-25,2023-07-30,2023-08-03,Entregue,4,1
141,141,3,2023-09-26,2023-10-10,2023-10-10,Entregue,0,3
142,142,5,2023-02-24,2023-03-04,2023-03-04,Entregue,0,3
143,143,3,2023-10-02,2023-10-12,2023-10-12,Entregue,0,5
144,144,7,2023-02-15,2023-02-23,2023-02-23,Entregue,0,4
145,145,5,2023-05-10,2023-05-18,2023-05-18,Entregue,0,5
146,146,8,2023-04-17,2023-04-22,2023-04-22,Entregue,0,3
147,147,3,2023-09-30,2023-10-13,2023-10-13,Entregue,0,5
148,148,2,2023-10-08,2023-10-13,2023-10-15,Entregue,2,1
149,149,7,2023-09-20,2023-09-29,2023-10-04,Entregue,5,3
150,150,6,2023-02-13,2023-03-03,2023-03-03,Entregue,0,5
151,151,2,2023-12-26,2023-12-29,2023-12-29,Entregue,0,5
152,152,3,2023-12-11,2023-12-21,2023-12-21,Entregue,0,3
153,153,2,2023-09-28,2023-10-03,2023-10-03,Entregue,0,3
154,154,6,2023-05-22,2023-06-10,2023-06-17,Entregue,7,3
155,155,1,2023-03-23,2023-04-03,2023-04-10,Entregue,7,1
156,156,7,2023-08-31,2023-09-09,2023-09-11,Entregue,2,2
157,157,1,2023-02-10,2023-02-27,2023-02-27,Entregue,0,3
158,158,6,2023-06-10,2023-06-28,2023-07-03,Entregue,5,2
159,159,7,2023-07-09,2023-07-18,2023-07-23,Entregue,5,2
160,160,7,2023-01-02,2023-01-11,2023-01-11,Entregue,0,3
161,161,7,2023-02-20,2023-03-01,2023-03-01,Entregue,0,4
162,162,7,2023-10-26,2023-11-03,2023-11-08,Entregue,5,1
163,163,6,2023-05-05,2023-05-22,2023-05-22,Entregue,0,4
164,164,2,2023-04-15,2023-04-18,2023-04-18,Entregue,0,4
165,165,2,2023-03-05,2023-03-08,2023-03-15,Entregue,7,3
166,166,7,2023-04-23,2023-05-01,2023-05-01,Entregue,0,5
167,167,4,2023-04-02,2023-04-17,2023-04-18,Entregue,1,1
168,168,6,2023-02-03,2023-02-22,2023-02-22,Entregue,0,5
169,169,8,2023-10-29,2023-11-05,2023-11-05,Entregue,0,3
170,170,7,2023-01-25,2023-02-03,2023-02-03,Entregue,0,4
171,171,8,2023-07-03,2023-07-10,2023-07-10,Entregue,0,3
172,172,7,2023-09-15,2023-09-24,2023-09-26,Entregue,2,3
173,173,6,2023-01-12,2023-01-30,2023-01-30,Entregue,0,3
174,174,8,2023-11-03,2023-11-10,2023-11-10,Entregue,0,5
175,175,1,2023-02-24,2023-03-13,2023-03-13,Entregue,0,3
176,176,6,2023-04-02,2023-04-21,2023-04-21,Entregue,0,3
177,177,5,2023-10-18,2023-10-27,2023-10-27,Entregue,0,3
178,178,4,2023-05-02,2023-05-17,2023-05-17,Entregue,0,4
179,179,3,2023-02-03,2023-02-16,2023-02-16,Entregue,0,5
180,180,3,2023-07-12,2023-07-27,2023-07-27,Entregue,0,4
181,181,5,2023-04-03,2023-04-12,2023-04-18,Entregue,6,1
182,182,2,2023-01-20,2023-01-25,2023-01-25,Entregue,0,3
183,183,6,2023-05-05,2023-05-17,2023-05-17,Entregue,0,4
184,184,2,2023-12-23,2023-12-26,2023-12-26,Entregue,0,3
185,185,6,2023-08-05,2023-08-17,2023-08-17,Entregue,0,3
186,186,1,2023-12-01,2023-12-17,2023-12-17,Entregue,0,4
187,187,2,2023-02-10,2023-02-15,2023-02-15,Entregue,0,3
188,188,3,2023-12-30,2024-01-12,2024-01-12,Entregue,0,4
189,189,5,2023-02-24,2023-03-05,2023-03-05,Entregue,0,4
190,190,6,2023-01-27,2023-02-14,2023-02-15,Entregue,1,2
191,191,5,2023-02-20,2023-02-28,2023-02-28,Entregue,0,4
192,192,3,2023-07-25,2023-08-09,2023-08-09,Entregue,0,4
193,193,8,2023-08-19,2023-08-26,2023-08-26,Entregue,0,4
194,194,6,2023-12-26,2024-01-14,2024-01-14,Entregue,0,4
195,195,4,2023-02-04,2023-02-14,2023-02-14,Entregue,0,3
196,196,3,2023-09-16,2023-09-26,2023-09-26,Entregue,0,3
197,197,3,2023-08-06,2023-08-21,2023-08-21,Entregue,0,4
198,198,8,2023-02-16,2023-02-22,2023-02-22,Entregue,0,3
199,199,2,2023-08-04,2023-08-07,2023-08-07,Entregue,0,5
200,200,8,2023-10-05,2023-10-10,2023-10-10,Entregue,0,4
201,201,4,2023-05-24,2023-06-07,2023-06-11,Entregue,4,2
202,202,2,2023-06-25,2023-06-30,2023-06-30,Entregue,0,3
203,203,8,2023-08-16,2023-08-23,2023-08-23,Entregue,0,4
204,204,2,2023-07-12,2023-07-17,2023-07-17,Entregue,0,5
205,205,1,2023-09-27,2023-10-14,2023-10-14,Entregue,0,4
206,206,6,2023-07-09,2023-07-27,2023-07-27,Entregue,0,4
207,207,1,2023-10-30,2023-11-15,2023-11-15,Entregue,0,3
208,208,7,2023-12-01,2023-12-10,2023-12-10,Entregue,0,5
209,209,5,2023-03-11,2023-03-20,2023-03-20,Entregue,0,5
210,210,5,2023-07-14,2023-07-22,2023-07-22,Entregue,0,5
211,211,6,2023-02-25,2023-03-09,2023-03-09,Entregue,0,5
212,212,6,2023-12-18,2023-12-30,2023-12-30,Entregue,0,5
213,213,1,2023-05-15,2023-05-31,2023-05-31,Entregue,0,5
214,214,5,2023-12-17,2023-12-26,2023-12-26,Entregue,0,4
215,215,6,2023-10-29,2023-11-17,2023-11-17,Entregue,0,3
216,216,6,2023-02-22,2023-03-13,2023-03-13,Entregue,0,3
217,217,8,2023-06-09,2023-06-16,2023-06-16,Entregue,0,4
218,218,7,2023-10-28,2023-11-06,2023-11-06,Entregue,0,4
219,219,8,2023-03-15,2023-03-22,2023-03-22,Entregue,0,5
220,220,8,2023-09-08,2023-09-14,2023-09-14,Entregue,0,3
221,221,7,2023-02-17,2023-02-26,2023-02-26,Entregue,0,4
222,222,4,2023-10-03,2023-10-17,2023-10-18,Entregue,1,3
223,223,5,2023-12-24,2024-01-02,2024-01-02,Entregue,0,3
224,224,6,2023-08-24,2023-09-12,2023-09-12,Entregue,0,3
225,225,1,2023-04-30,2023-05-17,2023-05-17,Entregue,0,3
226,226,5,2024-01-03,2024-01-11,2024-01-11,Entregue,0,5
227,227,2,2023-12-06,2023-12-11,2023-12-11,Entregue,0,4
228,228,2,2023-05-12,2023-05-15,2023-05-15,Entregue,0,4
229,229,4,2023-02-24,2023-03-06,2023-03-06,Entregue,0,5
230,230,4,2023-12-29,2024-01-13,2024-01-13,Entregue,0,4
231,231,8,2023-01-03,2023-01-10,2023-01-10,Entregue,0,3
232,232,8,2023-05-14,2023-05-20,2023-05-27,Entregue,7,1
233,233,1,2023-07-05,2023-07-22,2023-07-22,Entregue,0,5
234,234,2,2023-07-04,2023-07-09,2023-07-09,Entregue,0,4
235,235,1,2023-12-23,2024-01-08,2024-01-08,Entregue,0,3
236,236,1,2023-11-01,2023-11-12,2023-11-12,Entregue,0,5
237,237,1,2023-09-09,2023-09-24,2023-09-30,Entregue,6,2
238,238,4,2023-10-25,2023-11-09,2023-11-09,Entregue,0,5
239,239,3,2023-10-15,2023-10-28,2023-11-01,Entregue,4,2
240,240,7,2023-05-24,2023-06-01,2023-06-01,Entregue,0,3
241,241,1,2023-08-18,2023-09-04,2023-09-08,Entregue,4,1
242,242,6,2023-11-08,2023-11-25,2023-11-25,Entregue,0,3
243,243,4,2023-10-17,2023-10-30,2023-11-02,Entregue,3,3
244,244,3,2023-09-27,2023-10-07,2023-10-07,Entregue,0,5
245,245,4,2023-05-13,2023-05-28,2023-05-28,Entregue,0,3
246,246,1,2023-11-23,2023-12-10,2023-12-10,Entregue,0,3
247,247,6,2023-09-07,2023-09-19,2023-09-19,Entregue,0,4
248,248,7,2023-05-22,2023-05-28,2023-05-28,Entregue,0,5
249,249,3,2023-06-13,2023-06-23,2023-06-23,Entregue,0,5
250,250,7,2023-10-07,2023-10-16,2023-10-16,Entregue,0,5
251,251,1,2023-01-10,2023-01-25,2023-02-01,Entregue,7,1
252,252,1,2023-03-17,2023-03-28,2023-03-28,Entregue,0,4
253,253,7,2023-04-27,2023-05-06,2023-05-06,Entregue,0,5
254,254,8,2023-01-29,2023-02-05,2023-02-05,Entregue,0,5
255,255,3,2023-11-07,2023-11-21,2023-11-21,Entregue,0,3
256,256,7,2023-09-22,2023-10-01,2023-10-04,Entregue,3,1
257,257,3,2023-05-13,2023-05-23,2023-05-26,Entregue,3,3
258,258,3,2023-09-10,2023-09-20,2023-09-20,Entregue,0,5
259,259,6,2023-10-09,2023-10-28,2023-10-28,Entregue,0,4
260,260,4,2023-09-04,2023-09-17,2023-09-17,Entregue,0,5
261,261,6,2023-03-03,2023-03-20,2023-03-20,Entregue,0,5
262,262,2,2023-01-24,2023-01-29,2023-01-29,Entregue,0,5
263,263,7,2023-04-19,2023-04-27,2023-04-27,Entregue,0,3
264,264,3,2023-08-25,2023-09-04,2023-09-04,Entregue,0,5
265,265,7,2023-04-30,2023-05-06,2023-05-06,Entregue,0,3
266,266,1,2023-10-04,2023-10-15,2023-10-15,Entregue,0,3
267,267,7,2023-02-26,2023-03-07,2023-03-07,Entregue,0,5
268,268,3,2023-03-25,2023-04-08,2023-04-08,Entregue,0,5
269,269,7,2023-10-14,2023-10-23,2023-10-23,Entregue,0,3
270,270,3,2023-06-27,2023-07-12,2023-07-17,Entregue,5,2
271,271,2,2023-04-06,2023-04-11,2023-04-11,Entregue,0,3
272,272,2,2023-07-04,2023-07-09,2023-07-09,Entregue,0,4
273,273,6,2023-06-20,2023-07-09,2023-07-09,Entregue,0,3
274,274,3,2023-05-09,2023-05-24,2023-05-24,Entregue,0,4
275,275,3,2023-08-18,2023-08-31,2023-08-31,Entregue,0,3
276,276,2,2023-10-06,2023-10-11,2023-10-11,Entregue,0,5
277,277,8,2023-10-27,2023-11-02,2023-11-02,Entregue,0,3
278,278,7,2023-04-26,2023-05-05,2023-05-05,Entregue,0,3
279,279,3,2023-09-22,2023-10-05,2023-10-05,Entregue,0,4
280,280,1,2023-04-24,2023-05-09,2023-05-09,Entregue,0,5
281,281,5,2023-09-01,2023-09-10,2023-09-10,Entregue,0,4
282,282,4,2023-12-03,2023-12-18,2023-12-18,Entregue,0,4
283,283,2,2023-09-05,2023-09-10,2023-09-10,Entregue,0,4
284,284,4,2023-04-09,2023-04-22,2023-04-22,Entregue,0,4
285,285,4,2023-12-13,2023-12-26,2023-12-31,Entregue,5,3
286,286,3,2023-11-21,2023-12-06,2023-12-06,Entregue,0,4
287,287,3,2023-02-15,2023-02-25,2023-02-25,Entregue,0,4
288,288,2,2023-04-07,2023-04-12,2023-04-12,Entregue,0,4
289,289,7,2023-01-12,2023-01-21,2023-01-21,Entregue,0,5
290,290,3,2023-09-03,2023-09-13,2023-09-13,Entregue,0,5
291,291,8,2023-09-26,2023-10-03,2023-10-03,Entregue,0,4
292,292,5,2023-02-21,2023-02-27,2023-02-27,Entregue,0,5
293,293,2,2023-04-10,2023-04-15,2023-04-15,Entregue,0,4
294,294,5,2023-08-01,2023-08-10,2023-08-10,Entregue,0,5
295,295,8,2023-07-10,2023-07-17,2023-07-17,Entregue,0,5
296,296,3,2023-06-09,2023-06-23,2023-06-28,Entregue,5,2
297,297,1,2023-11-13,2023-11-30,2023-11-30,Entregue,0,3
298,298,6,2023-02-16,2023-03-06,2023-03-07,Entregue,1,3
299,299,4,2023-11-12,2023-11-22,2023-11-22,Entregue,0,5
300,300,4,2023-01-20,2023-02-04,2023-02-04,Entregue,0,3
301,301,1,2023-07-27,2023-08-12,2023-08-12,Entregue,0,3
302,302,4,2023-05-29,2023-06-13,2023-06-13,Entregue,0,4
303,303,5,2023-04-03,2023-04-12,2023-04-12,Entregue,0,3
304,304,4,2023-10-24,2023-11-08,2023-11-08,Entregue,0,4
305,305,7,2023-09-05,2023-09-14,2023-09-14,Entregue,0,3
306,306,5,2023-08-03,2023-08-12,2023-08-12,Entregue,0,3
307,307,5,2023-02-11,2023-02-17,2023-02-17,Entregue,0,5
308,308,4,2023-04-14,2023-04-28,2023-04-30,Entregue,2,3
309,309,8,2023-02-27,2023-03-05,2023-03-05,Entregue,0,5
310,310,5,2023-07-11,2023-07-19,2023-07-19,Entregue,0,5
311,311,7,2023-09-29,2023-10-08,2023-10-08,Entregue,0,3
312,312,2,2023-12-26,2023-12-29,2023-12-29,Entregue,0,5
313,313,6,2023-10-11,2023-10-30,2023-10-30,Entregue,0,4
314,314,3,2023-08-05,2023-08-20,2023-08-20,Entregue,0,5
315,315,4,2023-05-21,2023-06-03,2023-06-09,Entregue,6,1
316,316,6,2023-04-04,2023-04-23,2023-04-23,Entregue,0,4
317,317,3,2023-10-19,2023-11-02,2023-11-09,Entregue,7,2
318,318,5,2023-08-22,2023-08-31,2023-08-31,Entregue,0,4
319,319,6,2023-12-16,2024-01-04,2024-01-04,Entregue,0,4
320,320,7,2023-07-17,2023-07-26,2023-07-26,Entregue,0,3
321,321,5,2023-06-28,2023-07-06,2023-07-06,Entregue,0,5
322,322,3,2023-08-17,2023-09-01,2023-09-01,Entregue,0,3
323,323,7,2023-12-26,2024-01-01,2024-01-02,Entregue,1,2
324,324,4,2023-07-25,2023-08-09,2023-08-12,Entregue,3,2
325,325,6,2023-09-30,2023-10-19,2023-10-19,Entregue,0,4
326,326,3,2023-10-07,2023-10-21,2023-10-21,Entregue,0,4
327,327,8,2023-11-25,2023-12-02,2023-12-02,Entregue,0,4
328,328,3,2023-06-08,2023-06-21,2023-06-21,Entregue,0,4
329,329,4,2023-09-05,2023-09-19,2023-09-19,Entregue,0,5
330,330,4,2023-08-01,2023-08-11,2023-08-15,Entregue,4,3
331,331,4,2023-11-12,2023-11-26,2023-11-26,Entregue,0,3
332,332,1,2023-02-28,2023-03-17,2023-03-22,Entregue,5,1
333,333,2,2023-05-26,2023-05-29,2023-06-02,Entregue,4,1
334,334,3,2023-06-10,2023-06-25,2023-07-02,Entregue,7,2
335,335,1,2023-08-31,2023-09-16,2023-09-23,Entregue,7,3
336,336,2,2023-08-17,2023-08-22,2023-08-22,Entregue,0,3
337,337,2,2023-12-18,2023-12-23,2023-12-23,Entregue,0,5
338,338,4,2023-07-05,2023-07-15,2023-07-15,Entregue,0,4
339,339,8,2023-05-25,2023-05-30,2023-05-30,Entregue,0,3
340,340,6,2023-05-11,2023-05-28,2023-05-28,Entregue,0,5
341,341,8,2023-07-03,2023-07-10,2023-07-10,Entregue,0,5
342,342,3,2023-04-11,2023-04-21,2023-04-21,Entregue,0,3
343,343,3,2023-10-17,2023-10-27,2023-10-27,Entregue,0,4
344,344,5,2023-11-05,2023-11-14,2023-11-14,Entregue,0,4
345,345,4,2023-07-17,2023-08-01,2023-08-01,Entregue,0,3
346,346,6,2023-09-28,2023-10-16,2023-10-21,Entregue,5,3
347,347,8,2023-03-09,2023-03-16,2023-03-16,Entregue,0,3
348,348,4,2023-09-28,2023-10-12,2023-10-12,Entregue,0,3
349,349,2,2023-07-05,2023-07-10,2023-07-10,Entregue,0,3
350,350,7,2023-02-22,2023-02-28,2023-03-05,Entregue,5,3
351,351,2,2023-11-20,2023-11-25,2023-11-25,Entregue,0,5
352,352,6,2023-12-28,2024-01-16,2024-01-16,Entregue,0,5
353,353,4,2023-06-14,2023-06-27,2023-06-27,Entregue,0,3
354,354,1,2023-05-12,2023-05-29,2023-05-29,Entregue,0,5
355,355,6,2023-03-12,2023-03-24,2023-03-31,Entregue,7,3
356,356,3,2023-09-21,2023-10-01,2023-10-04,Entregue,3,3
357,357,4,2023-05-15,2023-05-29,2023-05-29,Entregue,0,5
358,358,7,2023-04-02,2023-04-10,2023-04-11,Entregue,1,2
359,359,1,2023-08-05,2023-08-21,2023-08-21,Entregue,0,5
360,360,4,2023-06-08,2023-06-23,2023-06-29,Entregue,6,3
361,361,3,2023-11-03,2023-11-16,2023-11-17,Entregue,1,2
362,362,3,2023-07-26,2023-08-05,2023-08-05,Entregue,0,4
363,363,5,2023-07-23,2023-08-01,2023-08-01,Entregue,0,4
364,364,6,2023-12-12,2023-12-24,2023-12-24,Entregue,0,3
365,365,6,2023-06-30,2023-07-12,2023-07-18,Entregue,6,1
366,366,8,2023-05-07,2023-05-14,2023-05-14,Entregue,0,4
367,367,8,2023-04-21,2023-04-28,2023-04-28,Entregue,0,3
368,368,5,2023-10-27,2023-11-05,2023-11-11,Entregue,6,1
369,369,7,2023-12-07,2023-12-16,2023-12-20,Entregue,4,3
370,370,1,2023-09-08,2023-09-24,2023-09-29,Entregue,5,2
371,371,6,2023-07-24,2023-08-11,2023-08-11,Entregue,0,4
372,372,1,2023-05-24,2023-06-04,2023-06-04,Entregue,0,4
373,373,4,2023-06-27,2023-07-12,2023-07-12,Entregue,0,5
374,374,3,2023-06-12,2023-06-22,2023-06-22,Entregue,0,5
375,375,2,2023-06-10,2023-06-15,2023-06-15,Entregue,0,5
376,376,7,2023-06-14,2023-06-23,2023-06-23,Entregue,0,5
377,377,1,2023-04-08,2023-04-25,2023-04-25,Entregue,0,5
378,378,2,2023-11-12,2023-11-17,2023-11-17,Entregue,0,4
379,379,3,2023-11-08,2023-11-23,2023-11-25,Entregue,2,1
380,380,8,2023-05-20,2023-05-27,2023-05-27,Entregue,0,4
381,381,1,2023-05-09,2023-05-26,2023-05-26,Entregue,0,4
382,382,1,2023-05-09,2023-05-26,2023-05-30,Entregue,4,2
383,383,1,2023-08-28,2023-09-08,2023-09-08,Entregue,0,3
384,384,7,2023-02-18,2023-02-27,2023-02-27,Entregue,0,3
385,385,6,2023-11-01,2023-11-18,2023-11-18,Entregue,0,5
386,386,6,2023-02-19,2023-03-10,2023-03-16,Entregue,6,2
387,387,3,2023-10-12,2023-10-26,2023-10-28,Entregue,2,1
388,388,3,2023-06-08,2023-06-18,2023-06-18,Entregue,0,3
389,389,4,2023-08-24,2023-09-08,2023-09-08,Entregue,0,4
390,390,5,2023-08-16,2023-08-22,2023-08-22,Entregue,0,5
391,391,3,2023-04-06,2023-04-21,2023-04-21,Entregue,0,5
392,392,3,2023-02-16,2023-03-01,2023-03-04,Entregue,3,3
393,393,6,2023-10-26,2023-11-14,2023-11-14,Entregue,0,3
394,394,5,2023-02-06,2023-02-15,2023-02-15,Entregue,0,4
395,395,2,2023-11-13,2023-11-18,2023-11-18,Entregue,0,5
396,396,6,2023-11-11,2023-11-23,2023-11-23,Entregue,0,5
397,397,1,2023-11-21,2023-12-07,2023-12-11,Entregue,4,3
398,398,4,2023-11-15,2023-11-30,2023-12-02,Entregue,2,3
399,399,1,2023-02-06,2023-02-23,2023-02-26,Entregue,3,2
400,400,6,2023-11-13,2023-12-01,2023-12-01,Entregue,0,5
401,401,8,2023-01-22,2023-01-29,2023-01-29,Entregue,0,5
402,402,6,2023-08-02,2023-08-19,2023-08-19,Entregue,0,3
403,403,1,2023-12-19,2024-01-04,2024-01-04,Entregue,0,4
404,404,1,2023-11-10,2023-11-27,2023-11-27,Entregue,0,3
405,405,6,2023-07-11,2023-07-29,2023-07-29,Entregue,0,3
406,406,3,2023-09-20,2023-10-05,2023-10-09,Entregue,4,3
407,407,3,2023-03-18,2023-03-28,2023-03-28,Entregue,0,3
408,408,1,2023-09-27,2023-10-13,2023-10-13,Entregue,0,5
409,409,5,2023-08-31,2023-09-09,2023-09-16,Entregue,7,2
410,410,6,2023-04-16,2023-05-03,2023-05-03,Entregue,0,5
411,411,2,2023-03-19,2023-03-24,2023-03-24,Entregue,0,4
412,412,5,2023-03-15,2023-03-24,2023-03-24,Entregue,0,4
413,413,1,2023-03-11,2023-03-28,2023-03-29,Entregue,1,1
414,414,2,2023-04-05,2023-04-10,2023-04-10,Entregue,0,4
415,415,4,2023-12-26,2024-01-05,2024-01-05,Entregue,0,3
416,416,8,2023-07-22,2023-07-27,2023-07-31,Entregue,4,1
417,417,3,2023-08-28,2023-09-11,2023-09-11,Entregue,0,4
418,418,8,2023-10-15,2023-10-21,2023-10-21,Entregue,0,4
419,419,6,2023-10-09,2023-10-28,2023-11-03,Entregue,6,3
420,420,2,2023-10-21,2023-10-26,2023-10-26,Entregue,0,5
421,421,5,2023-11-01,2023-11-10,2023-11-10,Entregue,0,3
422,422,1,2023-06-20,2023-07-07,2023-07-07,Entregue,0,5
423,423,4,2023-10-01,2023-10-16,2023-10-16,Entregue,0,4
424,424,1,2023-12-17,2024-01-02,2024-01-02,Entregue,0,5
425,425,1,2023-06-03,2023-06-19,2023-06-24,Entregue,5,2
426,426,6,2023-01-19,2023-02-06,2023-02-06,Entregue,0,4
427,427,4,2023-10-08,2023-10-22,2023-10-22,Entregue,0,4
428,428,1,2023-05-29,2023-06-09,2023-06-13,Entregue,4,3
429,429,7,2023-02-16,2023-02-25,2023-02-25,Entregue,0,4
430,430,1,2023-08-22,2023-09-07,2023-09-07,Entregue,0,5
431,431,8,2023-05-19,2023-05-24,2023-05-24,Entregue,0,3
432,432,2,2023-03-17,2023-03-22,2023-03-22,Entregue,0,5
433,433,8,2023-10-25,2023-11-01,2023-11-01,Entregue,0,4
434,434,5,2023-07-03,2023-07-12,2023-07-12,Entregue,0,5
435,435,5,2023-11-22,2023-12-01,2023-12-01,Entregue,0,5
436,436,2,2023-09-09,2023-09-12,2023-09-12,Entregue,0,4
437,437,2,2023-11-15,2023-11-20,2023-11-20,Entregue,0,5
438,438,3,2023-07-11,2023-07-24,2023-07-24,Entregue,0,3
439,439,8,2023-03-19,2023-03-25,2023-03-25,Entregue,0,3
440,440,1,2023-06-27,2023-07-13,2023-07-17,Entregue,4,2
441,441,5,2023-10-02,2023-10-11,2023-10-11,Entregue,0,4
442,442,6,2023-08-21,2023-09-09,2023-09-09,Entregue,0,4
443,443,8,2023-05-21,2023-05-28,2023-05-28,Entregue,0,5
444,444,1,2023-09-25,2023-10-12,2023-10-12,Entregue,0,3
445,445,4,2023-09-28,2023-10-12,2023-10-12,Entregue,0,4
446,446,3,2023-01-14,2023-01-24,2023-01-24,Entregue,0,5
447,447,2,2023-12-25,2023-12-30,2023-12-30,Entregue,0,4
448,448,7,2023-05-13,2023-05-21,2023-05-21,Entregue,0,3
449,449,8,2023-04-03,2023-04-08,2023-04-13,Entregue,5,2
450,450,5,2023-08-16,2023-08-25,2023-08-25,Entregue,0,3
451,451,7,2023-12-04,2023-12-12,2023-12-18,Entregue,6,2
452,452,4,2023-01-05,2023-01-15,2023-01-21,Entregue,6,2
453,453,2,2023-10-03,2023-10-08,2023-10-08,Entregue,0,4
454,454,7,2023-05-30,2023-06-08,2023-06-08,Entregue,0,4
455,455,4,2023-11-22,2023-12-07,2023-12-09,Entregue,2,1
456,456,5,2023-07-22,2023-07-31,2023-07-31,Entregue,0,4
457,457,1,2023-06-26,2023-07-13,2023-07-13,Entregue,0,3
458,458,1,2023-03-21,2023-04-01,2023-04-01,Entregue,0,5
459,459,1,2023-12-29,2024-01-15,2024-01-15,Entregue,0,3
460,460,8,2023-10-31,2023-11-07,2023-11-07,Entregue,0,5
461,461,3,2023-04-17,2023-04-30,2023-04-30,Entregue,0,3
462,462,3,2023-06-23,2023-07-07,2023-07-07,Entregue,0,3
463,463,7,2023-03-27,2023-04-02,2023-04-02,Entregue,0,3
464,464,5,2023-01-05,2023-01-13,2023-01-13,Entregue,0,4
465,465,3,2023-03-16,2023-03-26,2023-03-26,Entregue,0,3
466,466,7,2023-11-12,2023-11-21,2023-11-23,Entregue,2,1
467,467,4,2023-02-21,2023-03-06,2023-03-06,Entregue,0,3
468,468,6,2023-12-18,2024-01-04,2024-01-04,Entregue,0,4
469,469,3,2023-11-13,2023-11-28,2023-11-28,Entregue,0,4
470,470,6,2023-05-04,2023-05-21,2023-05-21,Entregue,0,3
471,471,4,2023-02-22,2023-03-08,2023-03-13,Entregue,5,2
472,472,6,2023-03-18,2023-04-04,2023-04-10,Entregue,6,1
473,473,5,2023-04-15,2023-04-24,2023-04-24,Entregue,0,4
474,474,3,2023-04-01,2023-04-11,2023-04-11,Entregue,0,5
475,475,7,2023-07-31,2023-08-06,2023-08-06,Entregue,0,3
476,476,1,2023-08-12,2023-08-23,2023-08-23,Entregue,0,5
477,477,2,2023-09-30,2023-10-03,2023-10-03,Entregue,0,3
478,478,8,2023-03-10,2023-03-16,2023-03-16,Entregue,0,3
479,479,3,2023-10-28,2023-11-12,2023-11-12,Entregue,0,4
480,480,1,2023-11-20,2023-12-01,2023-12-01,Entregue,0,4
481,481,2,2023-11-15,2023-11-20,2023-11-20,Entregue,0,4
482,482,4,2023-07-10,2023-07-23,2023-07-26,Entregue,3,1
483,483,5,2023-10-27,2023-11-02,2023-11-02,Entregue,0,4
484,484,2,2023-02-05,2023-02-10,2023-02-10,Entregue,0,5
485,485,2,2023-11-15,2023-11-20,2023-11-20,Entregue,0,3
486,486,3,2023-02-28,2023-03-10,2023-03-10,Entregue,0,3
487,487,1,2023-08-05,2023-08-22,2023-08-22,Entregue,0,3
488,488,6,2023-09-27,2023-10-16,2023-10-16,Entregue,0,5
489,489,6,2023-06-07,2023-06-26,2023-06-26,Entregue,0,3
490,490,3,2023-05-27,2023-06-09,2023-06-09,Entregue,0,5
491,491,3,2023-05-04,2023-05-17,2023-05-17,Entregue,0,4
492,492,3,2023-10-17,2023-10-27,2023-10-27,Entregue,0,5
493,493,8,2023-06-06,2023-06-13,2023-06-13,Entregue,0,4
494,494,3,2023-01-06,2023-01-19,2023-01-19,Entregue,0,5
495,495,3,2023-12-20,2024-01-04,2024-01-04,Entregue,0,3
496,496,4,2023-07-26,2023-08-05,2023-08-05,Entregue,0,3
497,497,2,2023-01-14,2023-01-19,2023-01-19,Entregue,0,4
498,498,7,2023-06-15,2023-06-24,2023-06-24,Entregue,0,4
499,499,4,2023-06-27,2023-07-07,2023-07-07,Entregue,0,4
500,500,2,2023-05-29,2023-06-03,2023-06-06,Entregue,3,2
501,501,3,2023-11-01,2023-11-14,2023-11-14,Entregue,0,5
502,502,5,2023-04-08,2023-04-16,2023-04-16,Entregue,0,5
503,503,5,2023-01-16,2023-01-25,2023-01-25,Entregue,0,5
504,504,4,2023-12-04,2023-12-19,2023-12-26,Entregue,7,2
505,505,5,2023-11-05,2023-11-13,2023-11-13,Entregue,0,4
506,506,6,2023-09-21,2023-10-09,2023-10-09,Entregue,0,5
507,507,7,2023-03-27,2023-04-05,2023-04-05,Entregue,0,4
508,508,3,2023-06-02,2023-06-17,2023-06-17,Entregue,0,4
509,509,3,2023-12-19,2024-01-03,2024-01-08,Entregue,5,2
510,510,4,2023-07-31,2023-08-15,2023-08-15,Entregue,0,5
511,511,1,2023-08-25,2023-09-05,2023-09-05,Entregue,0,4
512,512,2,2023-08-18,2023-08-23,2023-08-23,Entregue,0,5
513,513,7,2023-06-08,2023-06-17,2023-06-17,Entregue,0,3
514,514,1,2023-09-08,2023-09-25,2023-09-25,Entregue,0,4
515,515,4,2023-06-05,2023-06-18,2023-06-18,Entregue,0,3
516,516,5,2023-01-18,2023-01-27,2023-01-27,Entregue,0,4
517,517,1,2023-09-17,2023-10-02,2023-10-02,Entregue,0,5
518,518,3,2023-03-31,2023-04-14,2023-04-14,Entregue,0,3
519,519,6,2023-07-15,2023-08-03,2023-08-04,Entregue,1,3
520,520,8,2023-07-06,2023-07-11,2023-07-11,Entregue,0,4
521,521,4,2023-12-20,2024-01-04,2024-01-04,Entregue,0,4
522,522,2,2023-01-10,2023-01-15,2023-01-19,Entregue,4,2
523,523,7,2023-02-06,2023-02-12,2023-02-19,Entregue,7,2
524,524,5,2023-10-27,2023-11-05,2023-11-05,Entregue,0,4
525,525,1,2023-05-10,2023-05-26,2023-05-26,Entregue,0,4
526,526,8,2023-07-18,2023-07-25,2023-07-25,Entregue,0,3
527,527,7,2023-09-10,2023-09-19,2023-09-19,Entregue,0,3
528,528,5,2023-06-12,2023-06-21,2023-06-21,Entregue,0,3
529,529,8,2023-03-13,2023-03-20,2023-03-20,Entregue,0,5
530,530,5,2023-10-17,2023-10-26,2023-10-26,Entregue,0,4
531,531,1,2023-06-17,2023-06-28,2023-07-01,Entregue,3,2
532,532,6,2023-07-16,2023-08-04,2023-08-04,Entregue,0,3
533,533,6,2023-05-02,2023-05-21,2023-05-26,Entregue,5,2
534,534,8,2023-12-04,2023-12-11,2023-12-11,Entregue,0,4
535,535,4,2023-07-20,2023-08-04,2023-08-04,Entregue,0,5
536,536,2,2023-11-13,2023-11-16,2023-11-16,Entregue,0,5
537,537,7,2023-05-19,2023-05-28,2023-05-28,Entregue,0,5
538,538,7,2023-02-20,2023-02-26,2023-03-05,Entregue,7,1
539,539,5,2023-06-05,2023-06-14,2023-06-14,Entregue,0,4
540,540,7,2023-11-20,2023-11-29,2023-11-29,Entregue,0,5
541,541,5,2023-04-14,2023-04-23,2023-04-23,Entregue,0,4
542,542,3,2023-11-23,2023-12-06,2023-12-06,Entregue,0,5
543,543,1,2023-05-04,2023-05-21,2023-05-28,Entregue,7,2
544,544,3,2023-10-16,2023-10-31,2023-11-07,Entregue,7,2
545,545,6,2023-09-07,2023-09-26,2023-09-26,Entregue,0,3
546,546,3,2023-12-13,2023-12-23,2023-12-23,Entregue,0,5
547,547,2,2023-12-10,2023-12-15,2023-12-15,Entregue,0,4
548,548,2,2023-07-20,2023-07-23,2023-07-23,Entregue,0,4
549,549,7,2023-05-13,2023-05-19,2023-05-19,Entregue,0,3
550,550,1,2023-07-08,2023-07-25,2023-07-25,Entregue,0,5
551,551,8,2023-10-11,2023-10-18,2023-10-18,Entregue,0,4
552,552,8,2023-02-17,2023-02-22,2023-02-22,Entregue,0,5
553,553,7,2023-05-23,2023-05-29,2023-05-29,Entregue,0,4
554,554,6,2023-03-26,2023-04-12,2023-04-12,Entregue,0,3
555,555,5,2023-11-22,2023-12-01,2023-12-01,Entregue,0,3
556,556,3,2023-05-11,2023-05-26,2023-05-26,Entregue,0,5
557,557,3,2023-04-14,2023-04-28,2023-04-28,Entregue,0,4
558,558,3,2023-01-15,2023-01-30,2023-02-04,Entregue,5,2
559,559,7,2023-02-16,2023-02-24,2023-02-24,Entregue,0,4
560,560,8,2023-04-27,2023-05-02,2023-05-02,Entregue,0,4
561,561,3,2023-05-27,2023-06-11,2023-06-14,Entregue,3,1
562,562,7,2023-07-11,2023-07-17,2023-07-17,Entregue,0,5
563,563,1,2023-11-03,2023-11-18,2023-11-18,Entregue,0,3
564,564,7,2023-11-09,2023-11-18,2023-11-18,Entregue,0,3
565,565,8,2023-04-04,2023-04-10,2023-04-10,Entregue,0,4
566,566,3,2023-05-15,2023-05-25,2023-05-25,Entregue,0,4
567,567,3,2023-05-27,2023-06-11,2023-06-11,Entregue,0,4
568,568,1,2023-12-04,2023-12-21,2023-12-21,Entregue,0,3
569,569,8,2023-03-03,2023-03-09,2023-03-09,Entregue,0,5
570,570,3,2023-06-30,2023-07-15,2023-07-15,Entregue,0,5
571,571,7,2023-12-07,2023-12-16,2023-12-16,Entregue,0,3
572,572,2,2023-06-21,2023-06-26,2023-06-26,Entregue,0,5
573,573,8,2023-03-22,2023-03-28,2023-03-28,Entregue,0,4
574,574,5,2023-01-24,2023-02-01,2023-02-01,Entregue,0,3
575,575,7,2023-11-06,2023-11-12,2023-11-19,Entregue,7,1
576,576,7,2023-07-28,2023-08-06,2023-08-06,Entregue,0,4
577,577,4,2023-12-10,2023-12-25,2023-12-25,Entregue,0,4
578,578,7,2023-10-19,2023-10-25,2023-10-30,Entregue,5,2
579,579,2,2023-12-01,2023-12-06,2023-12-06,Entregue,0,4
580,580,7,2023-06-04,2023-06-10,2023-06-10,Entregue,0,3
581,581,7,2023-09-22,2023-10-01,2023-10-07,Entregue,6,3
582,582,3,2023-05-12,2023-05-27,2023-05-27,Entregue,0,3
583,583,5,2023-12-30,2024-01-05,2024-01-05,Entregue,0,3
584,584,7,2023-02-11,2023-02-20,2023-02-22,Entregue,2,3
585,585,2,2023-12-23,2023-12-28,2023-12-29,Entregue,1,1
586,586,3,2023-12-25,2024-01-04,2024-01-04,Entregue,0,4
587,587,3,2023-06-05,2023-06-15,2023-06-15,Entregue,0,5
588,588,4,2023-09-02,2023-09-17,2023-09-22,Entregue,5,2
589,589,8,2023-01-07,2023-01-14,2023-01-14,Entregue,0,5
590,590,1,2023-09-10,2023-09-27,2023-09-27,Entregue,0,4
591,591,7,2023-11-30,2023-12-06,2023-12-09,Entregue,3,3
592,592,8,2023-06-29,2023-07-04,2023-07-04,Entregue,0,4
593,593,2,2023-12-13,2023-12-16,2023-12-16,Entregue,0,3
594,594,4,2023-03-23,2023-04-05,2023-04-05,Entregue,0,3
595,595,2,2023-07-03,2023-07-08,2023-07-08,Entregue,0,3
596,596,6,2023-10-17,2023-10-29,2023-10-29,Entregue,0,5
597,597,2,2023-12-21,2023-12-26,2023-12-26,Entregue,0,3
598,598,3,2023-11-21,2023-12-01,2023-12-01,Entregue,0,5
599,599,6,2023-09-16,2023-10-05,2023-10-05,Entregue,0,3
600,600,3,2023-08-15,2023-08-30,2023-09-02,Entregue,3,3
601,601,4,2023-11-21,2023-12-04,2023-12-08,Entregue,4,2
602,602,2,2023-09-23,2023-09-28,2023-10-01,Entregue,3,2
603,603,5,2023-02-04,2023-02-13,2023-02-13,Entregue,0,5
604,604,3,2023-06-29,2023-07-14,2023-07-14,Entregue,0,4
605,605,1,2023-11-17,2023-12-03,2023-12-03,Entregue,0,4
606,606,5,2023-10-07,2023-10-16,2023-10-16,Entregue,0,5
607,607,1,2023-01-16,2023-02-02,2023-02-02,Entregue,0,4
608,608,1,2023-01-27,2023-02-13,2023-02-13,Entregue,0,3
609,609,4,2023-06-06,2023-06-21,2023-06-26,Entregue,5,3
610,610,7,2023-08-24,2023-09-01,2023-09-01,Entregue,0,3
611,611,2,2023-08-08,2023-08-13,2023-08-13,Entregue,0,5
612,612,8,2023-09-25,2023-09-30,2023-09-30,Entregue,0,4
613,613,2,2023-09-17,2023-09-22,2023-09-22,Entregue,0,4
614,614,1,2023-03-24,2023-04-08,2023-04-08,Entregue,0,3
615,615,3,2023-07-12,2023-07-22,2023-07-22,Entregue,0,4
616,616,2,2023-05-27,2023-05-30,2023-05-30,Entregue,0,3
617,617,3,2023-09-06,2023-09-16,2023-09-16,Entregue,0,5
618,618,4,2023-12-10,2023-12-25,2023-12-25,Entregue,0,4
619,619,1,2023-05-26,2023-06-10,2023-06-10,Entregue,0,5
620,620,4,2023-11-28,2023-12-12,2023-12-12,Entregue,0,5
621,621,2,2023-09-26,2023-10-01,2023-10-01,Entregue,0,5
622,622,2,2023-05-23,2023-05-28,2023-05-28,Entregue,0,5
623,623,6,2023-10-30,2023-11-11,2023-11-11,Entregue,0,4
624,624,3,2023-06-15,2023-06-30,2023-06-30,Entregue,0,3
625,625,6,2023-03-23,2023-04-09,2023-04-15,Entregue,6,1
626,626,7,2023-02-22,2023-03-03,2023-03-03,Entregue,0,3
627,627,5,2023-05-04,2023-05-13,2023-05-17,Entregue,4,3
628,628,4,2023-09-08,2023-09-21,2023-09-21,Entregue,0,3
629,629,3,2023-10-31,2023-11-10,2023-11-10,Entregue,0,4
630,630,7,2023-11-23,2023-12-02,2023-12-02,Entregue,0,5
631,631,5,2023-01-03,2023-01-12,2023-01-12,Entregue,0,5
632,632,1,2023-11-22,2023-12-09,2023-12-14,Entregue,5,3
633,633,4,2023-02-17,2023-03-04,2023-03-04,Entregue,0,4
634,634,8,2023-12-30,2024-01-06,2024-01-06,Entregue,0,4
635,635,1,2023-11-28,2023-12-15,2023-12-15,Entregue,0,4
636,636,1,2023-10-06,2023-10-17,2023-10-17,Entregue,0,5
637,637,8,2023-07-01,2023-07-08,2023-07-08,Entregue,0,3
638,638,6,2023-04-27,2023-05-16,2023-05-23,Entregue,7,3
639,639,4,2023-05-03,2023-05-18,2023-05-25,Entregue,7,3
640,640,3,2023-05-26,2023-06-08,2023-06-10,Entregue,2,3
641,641,5,2023-05-16,2023-05-25,2023-05-25,Entregue,0,4
642,642,7,2023-11-27,2023-12-03,2023-12-09,Entregue,6,3
643,643,8,2023-07-08,2023-07-13,2023-07-13,Entregue,0,4
644,644,3,2023-02-12,2023-02-27,2023-02-27,Entregue,0,3
645,645,8,2023-09-04,2023-09-11,2023-09-11,Entregue,0,4
646,646,8,2023-09-25,2023-10-02,2023-10-02,Entregue,0,3
647,647,1,2023-07-15,2023-07-26,2023-07-26,Entregue,0,5
648,648,5,2023-02-23,2023-03-03,2023-03-03,Entregue,0,4
649,649,2,2023-05-03,2023-05-08,2023-05-08,Entregue,0,5
650,650,2,2023-09-23,2023-09-28,2023-09-28,Entregue,0,3
651,651,4,2023-05-13,2023-05-26,2023-05-27,Entregue,1,1
652,652,3,2023-10-30,2023-11-14,2023-11-17,Entregue,3,3
653,653,3,2023-07-11,2023-07-26,2023-07-31,Entregue,5,3
654,654,4,2023-06-28,2023-07-11,2023-07-11,Entregue,0,5
655,655,8,2023-10-25,2023-10-31,2023-10-31,Entregue,0,3
656,656,4,2023-01-05,2023-01-19,2023-01-25,Entregue,6,2
657,657,2,2023-07-25,2023-07-28,2023-07-28,Entregue,0,5
658,658,4,2023-05-30,2023-06-09,2023-06-11,Entregue,2,1
659,659,1,2023-06-24,2023-07-11,2023-07-11,Entregue,0,3
660,660,6,2023-06-24,2023-07-11,2023-07-11,Entregue,0,5
661,661,4,2023-11-17,2023-12-02,2023-12-02,Entregue,0,5
662,662,3,2023-11-05,2023-11-20,2023-11-20,Entregue,0,3
663,663,7,2023-09-19,2023-09-28,2023-09-28,Entregue,0,5
664,664,8,2023-09-26,2023-10-03,2023-10-03,Entregue,0,4
665,665,8,2023-10-26,2023-10-31,2023-10-31,Entregue,0,4
666,666,2,2023-08-09,2023-08-12,2023-08-13,Entregue,1,2
667,667,6,2023-07-02,2023-07-14,2023-07-14,Entregue,0,4
668,668,8,2023-07-09,2023-07-14,2023-07-14,Entregue,0,5
669,669,2,2023-02-15,2023-02-20,2023-02-20,Entregue,0,3
670,670,4,2023-02-08,2023-02-18,2023-02-18,Entregue,0,4
671,671,6,2023-04-10,2023-04-28,2023-04-28,Entregue,0,4
672,672,3,2023-12-05,2023-12-15,2023-12-15,Entregue,0,3
673,673,8,2023-09-02,2023-09-09,2023-09-09,Entregue,0,3
674,674,6,2023-08-09,2023-08-21,2023-08-28,Entregue,7,1
675,675,7,2023-09-15,2023-09-24,2023-09-24,Entregue,0,5
676,676,3,2023-10-29,2023-11-11,2023-11-14,Entregue,3,3
677,677,2,2023-04-17,2023-04-22,2023-04-22,Entregue,0,4
678,678,1,2023-03-30,2023-04-10,2023-04-10,Entregue,0,5
679,679,4,2023-04-08,2023-04-23,2023-04-29,Entregue,6,3
680,680,7,2023-02-01,2023-02-09,2023-02-09,Entregue,0,3
681,681,5,2023-08-04,2023-08-10,2023-08-10,Entregue,0,5
682,682,1,2023-11-07,2023-11-24,2023-11-24,Entregue,0,4
683,683,8,2023-11-09,2023-11-14,2023-11-14,Entregue,0,5
684,684,4,2023-05-30,2023-06-12,2023-06-17,Entregue,5,3
685,685,1,2023-07-18,2023-08-04,2023-08-11,Entregue,7,1
686,686,7,2023-06-01,2023-06-10,2023-06-10,Entregue,0,5
687,687,7,2023-02-11,2023-02-17,2023-02-17,Entregue,0,4
688,688,7,2023-01-25,2023-02-03,2023-02-03,Entregue,0,4
689,689,8,2023-05-11,2023-05-18,2023-05-18,Entregue,0,3
690,690,5,2023-12-05,2023-12-11,2023-12-11,Entregue,0,3
691,691,2,2023-04-02,2023-04-07,2023-04-07,Entregue,0,3
692,692,4,2023-08-17,2023-08-27,2023-08-27,Entregue,0,3
693,693,7,2023-12-21,2023-12-30,2023-12-30,Entregue,0,3
694,694,1,2023-04-15,2023-05-02,2023-05-02,Entregue,0,4
695,695,3,2023-04-26,2023-05-09,2023-05-14,Entregue,5,1
696,696,7,2023-10-17,2023-10-25,2023-10-27,Entregue,2,1
697,697,6,2023-04-02,2023-04-19,2023-04-21,Entregue,2,2
698,698,7,2023-12-04,2023-12-12,2023-12-12,Entregue,0,5
699,699,7,2024-01-03,2024-01-09,2024-01-09,Entregue,0,5
700,700,8,2023-04-01,2023-04-08,2023-04-08,Entregue,0,5
701,701,2,2023-10-29,2023-11-03,2023-11-03,Entregue,0,5
702,702,6,2023-11-15,2023-12-04,2023-12-04,Entregue,0,3
703,703,8,2023-04-18,2023-04-25,2023-04-25,Entregue,0,4
704,704,5,2023-06-14,2023-06-23,2023-06-23,Entregue,0,3
705,705,4,2023-05-08,2023-05-18,2023-05-18,Entregue,0,5
706,706,8,2023-09-25,2023-10-01,2023-10-03,Entregue,2,1
707,707,4,2023-03-09,2023-03-19,2023-03-20,Entregue,1,2
708,708,4,2023-03-27,2023-04-11,2023-04-11,Entregue,0,5
709,709,8,2023-05-21,2023-05-28,2023-05-28,Entregue,0,5
710,710,2,2023-09-06,2023-09-11,2023-09-11,Entregue,0,4
711,711,5,2023-04-02,2023-04-08,2023-04-08,Entregue,0,5
712,712,4,2023-06-21,2023-07-04,2023-07-11,Entregue,7,3
713,713,2,2023-07-29,2023-08-03,2023-08-03,Entregue,0,3
714,714,6,2023-10-19,2023-11-06,2023-11-06,Entregue,0,4
715,715,6,2023-12-01,2023-12-13,2023-12-13,Entregue,0,5
716,716,3,2023-05-17,2023-06-01,2023-06-08,Entregue,7,1
717,717,5,2023-12-30,2024-01-08,2024-01-08,Entregue,0,5
718,718,6,2023-08-02,2023-08-21,2023-08-21,Entregue,0,4
719,719,2,2023-12-25,2023-12-30,2024-01-05,Entregue,6,2
720,720,3,2023-08-10,2023-08-25,2023-08-27,Entregue,2,3
721,721,3,2023-10-19,2023-11-03,2023-11-03,Entregue,0,3
722,722,2,2023-08-16,2023-08-19,2023-08-19,Entregue,0,4
723,723,1,2023-05-03,2023-05-14,2023-05-14,Entregue,0,3
724,724,5,2023-09-28,2023-10-07,2023-10-07,Entregue,0,4
725,725,7,2023-06-24,2023-07-03,2023-07-03,Entregue,0,3
726,726,7,2023-02-24,2023-03-04,2023-03-04,Entregue,0,3
727,727,8,2023-10-02,2023-10-09,2023-10-09,Entregue,0,5
728,728,6,2023-11-26,2023-12-13,2023-12-13,Entregue,0,3
729,729,8,2023-11-12,2023-11-17,2023-11-17,Entregue,0,5
730,730,3,2023-06-01,2023-06-15,2023-06-15,Entregue,0,3
731,731,4,2023-08-30,2023-09-09,2023-09-11,Entregue,2,3
732,732,7,2023-08-13,2023-08-22,2023-08-22,Entregue,0,3
733,733,8,2023-12-13,2023-12-20,2023-12-26,Entregue,6,2
734,734,7,2023-11-06,2023-11-12,2023-11-12,Entregue,0,5
735,735,2,2023-04-26,2023-05-01,2023-05-01,Entregue,0,5
736,736,1,2023-10-24,2023-11-10,2023-11-10,Entregue,0,5
737,737,4,2023-08-08,2023-08-22,2023-08-23,Entregue,1,3
738,738,5,2023-03-17,2023-03-26,2023-03-26,Entregue,0,5
739,739,5,2023-06-10,2023-06-19,2023-06-19,Entregue,0,4
740,740,8,2023-03-21,2023-03-28,2023-03-28,Entregue,0,4
741,741,7,2023-10-10,2023-10-19,2023-10-25,Entregue,6,2
742,742,5,2023-12-26,2024-01-04,2024-01-04,Entregue,0,3
743,743,4,2023-12-26,2024-01-08,2024-01-08,Entregue,0,3
744,744,3,2023-02-25,2023-03-07,2023-03-07,Entregue,0,3
745,745,6,2023-04-05,2023-04-23,2023-04-23,Entregue,0,3
746,746,8,2023-01-20,2023-01-25,2023-01-25,Entregue,0,5
747,747,7,2023-12-24,2024-01-02,2024-01-08,Entregue,6,2
748,748,8,2023-03-04,2023-03-11,2023-03-11,Entregue,0,5
749,749,8,2023-10-30,2023-11-06,2023-11-06,Entregue,0,5
750,750,3,2023-10-21,2023-10-31,2023-10-31,Entregue,0,5
751,751,2,2023-10-15,2023-10-18,2023-10-18,Entregue,0,3
752,752,6,2023-11-05,2023-11-17,2023-11-19,Entregue,2,3
753,753,6,2023-02-16,2023-03-05,2023-03-05,Entregue,0,3
754,754,8,2023-05-11,2023-05-18,2023-05-18,Entregue,0,4
755,755,1,2023-07-01,2023-07-18,2023-07-21,Entregue,3,1
756,756,5,2023-04-24,2023-05-03,2023-05-03,Entregue,0,5
757,757,7,2023-08-25,2023-08-31,2023-08-31,Entregue,0,3
758,758,3,2023-11-22,2023-12-05,2023-12-05,Entregue,0,3
759,759,5,2023-07-15,2023-07-24,2023-07-25,Entregue,1,3
760,760,5,2023-06-20,2023-06-28,2023-06-28,Entregue,0,3
761,761,5,2023-02-21,2023-03-02,2023-03-02,Entregue,0,4
762,762,6,2023-06-29,2023-07-18,2023-07-18,Entregue,0,4
763,763,3,2023-12-15,2023-12-30,2023-12-30,Entregue,0,3
764,764,4,2023-05-20,2023-06-04,2023-06-04,Entregue,0,4
765,765,7,2023-08-15,2023-08-24,2023-08-24,Entregue,0,5
766,766,6,2023-11-24,2023-12-06,2023-12-06,Entregue,0,5
767,767,1,2023-05-06,2023-05-17,2023-05-20,Entregue,3,3
768,768,2,2023-08-09,2023-08-14,2023-08-14,Entregue,0,5
769,769,4,2023-08-07,2023-08-22,2023-08-25,Entregue,3,1
770,770,4,2023-08-07,2023-08-22,2023-08-22,Entregue,0,3
771,771,7,2023-09-08,2023-09-17,2023-09-20,Entregue,3,3
772,772,5,2023-11-15,2023-11-24,2023-11-24,Entregue,0,3
773,773,4,2023-07-27,2023-08-11,2023-08-16,Entregue,5,1
774,774,5,2023-09-10,2023-09-19,2023-09-19,Entregue,0,4
775,775,8,2023-07-08,2023-07-15,2023-07-15,Entregue,0,4
776,776,1,2023-07-05,2023-07-16,2023-07-20,Entregue,4,3
777,777,7,2023-03-25,2023-04-02,2023-04-02,Entregue,0,4
778,778,3,2023-07-25,2023-08-07,2023-08-07,Entregue,0,3
779,779,5,2023-12-16,2023-12-25,2023-12-25,Entregue,0,3
780,780,5,2023-11-14,2023-11-23,2023-11-23,Entregue,0,4
781,781,3,2023-04-15,2023-04-30,2023-04-30,Entregue,0,3
782,782,4,2023-05-22,2023-06-05,2023-06-06,Entregue,1,2
783,783,8,2023-06-08,2023-06-15,2023-06-19,Entregue,4,3
784,784,7,2023-03-01,2023-03-10,2023-03-11,Entregue,1,1
785,785,2,2023-01-29,2023-02-03,2023-02-03,Entregue,0,4
786,786,3,2023-06-24,2023-07-04,2023-07-04,Entregue,0,5
787,787,7,2023-11-09,2023-11-18,2023-11-19,Entregue,1,1
788,788,2,2023-10-29,2023-11-03,2023-11-03,Entregue,0,5
789,789,3,2023-09-01,2023-09-11,2023-09-16,Entregue,5,3
790,790,8,2023-06-28,2023-07-03,2023-07-03,Entregue,0,5
791,791,1,2023-11-06,2023-11-17,2023-11-17,Entregue,0,5
792,792,7,2023-09-13,2023-09-22,2023-09-22,Entregue,0,4
793,793,1,2023-01-05,2023-01-21,2023-01-21,Entregue,0,5
794,794,2,2024-01-01,2024-01-06,2024-01-06,Entregue,0,3
795,795,1,2023-01-23,2023-02-09,2023-02-09,Entregue,0,3
796,796,6,2023-03-04,2023-03-23,2023-03-23,Entregue,0,5
797,797,5,2023-07-30,2023-08-08,2023-08-08,Entregue,0,3
798,798,6,2023-12-02,2023-12-19,2023-12-19,Entregue,0,5
799,799,8,2023-08-18,2023-08-24,2023-08-26,Entregue,2,2
800,800,3,2023-04-08,2023-04-18,2023-04-18,Entregue,0,5
801,801,8,2023-03-16,2023-03-21,2023-03-21,Entregue,0,4
802,802,7,2023-03-14,2023-03-23,2023-03-30,Entregue,7,1
803,803,1,2023-05-09,2023-05-26,2023-05-26,Entregue,0,3
804,804,8,2023-06-24,2023-07-01,2023-07-01,Entregue,0,4
805,805,5,2023-06-22,2023-07-01,2023-07-01,Entregue,0,3
806,806,4,2023-02-23,2023-03-10,2023-03-14,Entregue,4,2
807,807,3,2023-12-04,2023-12-17,2023-12-17,Entregue,0,3
808,808,6,2023-07-03,2023-07-21,2023-07-21,Entregue,0,3
809,809,5,2023-04-03,2023-04-12,2023-04-12,Entregue,0,4
810,810,3,2023-05-20,2023-06-04,2023-06-04,Entregue,0,4
811,811,5,2023-02-06,2023-02-12,2023-02-12,Entregue,0,4
812,812,7,2023-07-19,2023-07-28,2023-07-28,Entregue,0,5
813,813,8,2023-12-04,2023-12-10,2023-12-10,Entregue,0,4
814,814,6,2023-02-13,2023-03-02,2023-03-09,Entregue,7,1
815,815,6,2023-09-02,2023-09-21,2023-09-21,Entregue,0,3
816,816,3,2023-03-18,2023-04-02,2023-04-08,Entregue,6,3
817,817,8,2023-01-15,2023-01-22,2023-01-22,Entregue,0,3
818,818,1,2023-07-08,2023-07-25,2023-07-25,Entregue,0,4
819,819,7,2023-08-31,2023-09-09,2023-09-09,Entregue,0,4
820,820,3,2023-03-01,2023-03-11,2023-03-11,Entregue,0,3
821,821,4,2023-12-17,2023-12-30,2023-12-30,Entregue,0,3
822,822,7,2023-09-26,2023-10-02,2023-10-08,Entregue,6,3
823,823,6,2023-09-03,2023-09-21,2023-09-21,Entregue,0,3
824,824,6,2023-02-26,2023-03-17,2023-03-20,Entregue,3,1
825,825,1,2023-04-22,2023-05-07,2023-05-08,Entregue,1,3
826,826,2,2023-09-07,2023-09-12,2023-09-12,Entregue,0,3
827,827,2,2023-07-26,2023-07-31,2023-07-31,Entregue,0,5
828,828,1,2023-03-20,2023-04-06,2023-04-06,Entregue,0,3
829,829,3,2023-11-18,2023-12-02,2023-12-02,Entregue,0,3
830,830,7,2023-03-10,2023-03-19,2023-03-24,Entregue,5,3
831,831,2,2023-10-21,2023-10-24,2023-10-24,Entregue,0,4
832,832,6,2023-06-04,2023-06-16,2023-06-16,Entregue,0,3
833,833,8,2023-05-16,2023-05-23,2023-05-30,Entregue,7,2
834,834,6,2023-11-17,2023-11-29,2023-11-29,Entregue,0,5
835,835,1,2023-08-22,2023-09-08,2023-09-09,Entregue,1,2
836,836,2,2023-10-22,2023-10-27,2023-10-27,Entregue,0,4
837,837,4,2023-02-15,2023-03-02,2023-03-02,Entregue,0,3
838,838,1,2023-11-08,2023-11-19,2023-11-19,Entregue,0,4
839,839,4,2023-06-15,2023-06-28,2023-07-05,Entregue,7,1
840,840,5,2023-05-11,2023-05-20,2023-05-20,Entregue,0,4
841,841,2,2023-09-27,2023-09-30,2023-09-30,Entregue,0,4
842,842,8,2023-03-28,2023-04-02,2023-04-02,Entregue,0,3
843,843,3,2023-12-24,2024-01-08,2024-01-08,Entregue,0,5
844,844,7,2023-03-22,2023-03-31,2023-04-06,Entregue,6,1
845,845,4,2023-11-24,2023-12-08,2023-12-08,Entregue,0,5
846,846,6,2023-04-22,2023-05-10,2023-05-10,Entregue,0,3
847,847,8,2023-09-18,2023-09-25,2023-09-25,Entregue,0,4
848,848,3,2023-08-09,2023-08-24,2023-08-24,Entregue,0,3
849,849,1,2023-05-27,2023-06-11,2023-06-11,Entregue,0,4
850,850,5,2023-11-19,2023-11-28,2023-11-28,Entregue,0,3
851,851,8,2023-10-12,2023-10-18,2023-10-18,Entregue,0,5
852,852,5,2023-07-13,2023-07-22,2023-07-22,Entregue,0,4
853,853,3,2023-08-02,2023-08-12,2023-08-12,Entregue,0,5
854,854,7,2023-04-01,2023-04-10,2023-04-10,Entregue,0,5
855,855,7,2023-11-23,2023-12-02,2023-12-08,Entregue,6,1
856,856,2,2023-07-21,2023-07-26,2023-07-30,Entregue,4,1
857,857,6,2023-11-15,2023-12-04,2023-12-10,Entregue,6,1
858,858,1,2023-10-05,2023-10-22,2023-10-22,Entregue,0,3
859,859,2,2023-02-25,2023-02-28,2023-03-03,Entregue,3,2
860,860,1,2023-02-11,2023-02-22,2023-02-22,Entregue,0,4
861,861,5,2023-12-19,2023-12-28,2023-12-30,Entregue,2,3
862,862,5,2023-06-26,2023-07-02,2023-07-02,Entregue,0,3
863,863,1,2023-01-13,2023-01-24,2023-01-24,Entregue,0,3
864,864,5,2023-05-20,2023-05-29,2023-05-29,Entregue,0,4
865,865,5,2023-07-25,2023-08-03,2023-08-03,Entregue,0,3
866,866,2,2023-04-18,2023-04-23,2023-04-23,Entregue,0,4
867,867,5,2023-07-01,2023-07-10,2023-07-10,Entregue,0,4
868,868,7,2023-01-18,2023-01-27,2023-01-27,Entregue,0,4
869,869,1,2023-04-22,2023-05-09,2023-05-09,Entregue,0,3
870,870,4,2023-08-29,2023-09-11,2023-09-11,Entregue,0,3
871,871,8,2023-10-23,2023-10-28,2023-10-31,Entregue,3,2
872,872,1,2023-08-21,2023-09-07,2023-09-07,Entregue,0,5
873,873,1,2023-05-29,2023-06-13,2023-06-13,Entregue,0,3
874,874,2,2023-02-20,2023-02-23,2023-02-23,Entregue,0,4
875,875,2,2023-07-23,2023-07-28,2023-07-29,Entregue,1,1
876,876,6,2023-06-18,2023-07-07,2023-07-07,Entregue,0,5
877,877,5,2023-05-14,2023-05-23,2023-05-26,Entregue,3,3
878,878,2,2023-12-26,2023-12-31,2024-01-07,Entregue,7,1
879,879,4,2023-12-12,2023-12-25,2023-12-25,Entregue,0,5
880,880,2,2023-06-17,2023-06-22,2023-06-22,Entregue,0,3
881,881,7,2023-02-10,2023-02-16,2023-02-17,Entregue,1,2
882,882,2,2023-09-24,2023-09-29,2023-09-29,Entregue,0,3
883,883,7,2023-08-22,2023-08-31,2023-09-03,Entregue,3,3
884,884,1,2023-08-26,2023-09-12,2023-09-12,Entregue,0,3
885,885,6,2023-09-02,2023-09-21,2023-09-21,Entregue,0,3
886,886,1,2023-08-10,2023-08-27,2023-08-27,Entregue,0,5
887,887,5,2023-06-03,2023-06-12,2023-06-12,Entregue,0,4
888,888,4,2023-12-16,2023-12-31,2024-01-01,Entregue,1,3
889,889,2,2023-02-05,2023-02-10,2023-02-10,Entregue,0,5
890,890,5,2023-04-19,2023-04-25,2023-04-25,Entregue,0,4
891,891,2,2023-04-08,2023-04-13,2023-04-13,Entregue,0,4
892,892,2,2023-01-09,2023-01-12,2023-01-12,Entregue,0,3
893,893,8,2023-10-27,2023-11-03,2023-11-10,Entregue,7,1
894,894,6,2023-09-29,2023-10-17,2023-10-17,Entregue,0,5
895,895,5,2023-05-14,2023-05-23,2023-05-23,Entregue,0,5
896,896,8,2023-05-21,2023-05-26,2023-05-31,Entregue,5,3
897,897,2,2023-04-18,2023-04-23,2023-04-23,Entregue,0,5
898,898,7,2023-04-03,2023-04-12,2023-04-12,Entregue,0,4
899,899,6,2023-01-25,2023-02-12,2023-02-12,Entregue,0,3
900,900,3,2023-08-30,2023-09-14,2023-09-14,Entregue,0,4
901,901,8,2023-01-09,2023-01-16,2023-01-16,Entregue,0,4
902,902,3,2023-01-29,2023-02-13,2023-02-13,Entregue,0,5
903,903,8,2023-04-12,2023-04-19,2023-04-19,Entregue,0,3
904,904,5,2023-07-26,2023-08-03,2023-08-03,Entregue,0,4
905,905,4,2023-03-15,2023-03-25,2023-03-25,Entregue,0,3
906,906,3,2023-11-19,2023-12-04,2023-12-04,Entregue,0,5
907,907,7,2023-12-19,2023-12-28,2023-12-28,Entregue,0,4
908,908,6,2023-01-17,2023-01-29,2023-02-03,Entregue,5,3
909,909,8,2023-07-23,2023-07-30,2023-07-30,Entregue,0,3
910,910,2,2023-12-02,2023-12-07,2023-12-07,Entregue,0,5
911,911,1,2023-02-04,2023-02-19,2023-02-19,Entregue,0,5
912,912,5,2023-09-13,2023-09-22,2023-09-22,Entregue,0,3
913,913,2,2023-03-01,2023-03-06,2023-03-06,Entregue,0,3
914,914,7,2023-09-02,2023-09-11,2023-09-12,Entregue,1,2
915,915,8,2023-04-08,2023-04-14,2023-04-14,Entregue,0,5
916,916,4,2023-03-17,2023-03-27,2023-04-02,Entregue,6,3
917,917,5,2023-09-05,2023-09-14,2023-09-14,Entregue,0,5
918,918,7,2023-08-03,2023-08-12,2023-08-15,Entregue,3,1
919,919,1,2023-07-03,2023-07-20,2023-07-20,Entregue,0,4
920,920,6,2023-12-30,2024-01-11,2024-01-11,Entregue,0,3
921,921,8,2023-07-23,2023-07-30,2023-07-30,Entregue,0,3
922,922,7,2023-12-27,2024-01-04,2024-01-05,Entregue,1,3
923,923,8,2023-02-22,2023-03-01,2023-03-01,Entregue,0,3
924,924,1,2023-04-01,2023-04-18,2023-04-18,Entregue,0,3
925,925,2,2023-11-09,2023-11-14,2023-11-14,Entregue,0,4
926,926,8,2023-10-14,2023-10-21,2023-10-21,Entregue,0,3
927,927,1,2023-08-12,2023-08-27,2023-08-27,Entregue,0,3
928,928,4,2023-10-19,2023-10-29,2023-10-29,Entregue,0,4
929,929,2,2023-11-14,2023-11-19,2023-11-24,Entregue,5,2
930,930,1,2023-09-15,2023-09-26,2023-09-29,Entregue,3,2
931,931,4,2023-02-07,2023-02-22,2023-02-22,Entregue,0,5
932,932,2,2023-11-16,2023-11-19,2023-11-19,Entregue,0,4
933,933,4,2023-06-24,2023-07-07,2023-07-07,Entregue,0,5
934,934,7,2023-05-02,2023-05-11,2023-05-11,Entregue,0,5
935,935,1,2023-09-04,2023-09-20,2023-09-20,Entregue,0,3
936,936,4,2023-09-03,2023-09-18,2023-09-18,Entregue,0,4
937,937,3,2023-09-06,2023-09-20,2023-09-20,Entregue,0,4
938,938,4,2023-08-15,2023-08-30,2023-08-30,Entregue,0,3
939,939,1,2023-02-18,2023-03-07,2023-03-07,Entregue,0,3
940,940,1,2023-02-01,2023-02-12,2023-02-12,Entregue,0,5
941,941,4,2023-03-11,2023-03-26,2023-03-26,Entregue,0,5
942,942,4,2023-08-19,2023-09-02,2023-09-02,Entregue,0,4
943,943,7,2023-09-17,2023-09-26,2023-09-26,Entregue,0,5
944,944,5,2023-02-11,2023-02-20,2023-02-20,Entregue,0,3
945,945,8,2023-03-17,2023-03-23,2023-03-23,Entregue,0,4
946,946,7,2023-09-15,2023-09-24,2023-09-24,Entregue,0,3
947,947,1,2023-11-11,2023-11-27,2023-12-01,Entregue,4,1
948,948,6,2023-01-28,2023-02-09,2023-02-09,Entregue,0,4
949,949,5,2023-06-26,2023-07-05,2023-07-05,Entregue,0,5
950,950,4,2023-10-24,2023-11-03,2023-11-04,Entregue,1,2
951,951,5,2023-05-11,2023-05-19,2023-05-19,Entregue,0,5
952,952,8,2023-03-06,2023-03-13,2023-03-13,Entregue,0,4
953,953,1,2023-01-21,2023-02-07,2023-02-07,Entregue,0,3
954,954,5,2023-06-11,2023-06-20,2023-06-20,Entregue,0,4
955,955,1,2023-03-10,2023-03-21,2023-03-27,Entregue,6,1
956,956,5,2023-08-17,2023-08-26,2023-08-26,Entregue,0,3
957,957,2,2023-01-25,2023-01-30,2023-01-30,Entregue,0,3
958,958,3,2023-10-22,2023-11-04,2023-11-09,Entregue,5,2
959,959,6,2023-12-01,2023-12-13,2023-12-15,Entregue,2,3
960,960,6,2023-11-11,2023-11-30,2023-11-30,Entregue,0,4
961,961,7,2023-07-16,2023-07-24,2023-07-24,Entregue,0,3
962,962,5,2023-12-07,2023-12-16,2023-12-16,Entregue,0,4
963,963,7,2023-05-02,2023-05-11,2023-05-11,Entregue,0,4
964,964,4,2023-12-02,2023-12-17,2023-12-17,Entregue,0,4
965,965,7,2023-05-29,2023-06-07,2023-06-07,Entregue,0,3
966,966,8,2023-04-05,2023-04-10,2023-04-10,Entregue,0,3
967,967,7,2023-01-16,2023-01-25,2023-01-25,Entregue,0,4
968,968,1,2023-12-26,2024-01-06,2024-01-09,Entregue,3,2
969,969,2,2023-08-15,2023-08-20,2023-08-21,Entregue,1,3
970,970,5,2023-07-17,2023-07-25,2023-07-25,Entregue,0,3
971,971,7,2023-09-13,2023-09-19,2023-09-19,Entregue,0,4
972,972,5,2023-03-17,2023-03-26,2023-03-26,Entregue,0,5
973,973,8,2023-06-29,2023-07-06,2023-07-06,Entregue,0,3
974,974,5,2023-11-10,2023-11-19,2023-11-19,Entregue,0,3
975,975,4,2023-11-06,2023-11-21,2023-11-28,Entregue,7,1
976,976,2,2023-05-27,2023-05-30,2023-05-30,Entregue,0,3
977,977,2,2023-09-13,2023-09-16,2023-09-16,Entregue,0,3
978,978,8,2023-06-19,2023-06-24,2023-06-24,Entregue,0,5
979,979,1,2023-01-23,2023-02-08,2023-02-08,Entregue,0,5
980,980,8,2023-03-13,2023-03-18,2023-03-18,Entregue,0,5
981,981,4,2023-03-12,2023-03-26,2023-03-27,Entregue,1,2
982,982,6,2023-01-23,2023-02-10,2023-02-10,Entregue,0,5
983,983,6,2023-05-02,2023-05-21,2023-05-21,Entregue,0,4
984,984,7,2023-02-28,2023-03-09,2023-03-13,Entregue,4,2
985,985,4,2023-12-26,2024-01-08,2024-01-11,Entregue,3,3
986,986,7,2023-02-03,2023-02-09,2023-02-09,Entregue,0,3
987,987,4,2023-04-25,2023-05-10,2023-05-10,Entregue,0,3
988,988,6,2023-11-12,2023-11-29,2023-11-29,Entregue,0,5
989,989,3,2023-09-24,2023-10-09,2023-10-09,Entregue,0,4
990,990,4,2023-03-27,2023-04-11,2023-04-11,Entregue,0,3
991,991,1,2023-02-24,2023-03-13,2023-03-20,Entregue,7,3
992,992,7,2023-05-23,2023-05-29,2023-06-04,Entregue,6,2
993,993,7,2023-02-08,2023-02-14,2023-02-19,Entregue,5,2
994,994,8,2023-09-22,2023-09-27,2023-09-27,Entregue,0,4
995,995,8,2023-06-01,2023-06-08,2023-06-08,Entregue,0,5
996,996,4,2023-01-11,2023-01-24,2023-01-24,Entregue,0,3
997,997,5,2023-08-20,2023-08-29,2023-08-29,Entregue,0,5
998,998,4,2023-10-18,2023-10-31,2023-11-04,Entregue,4,3
999,999,7,2023-10-20,2023-10-29,2023-10-29,Entregue,0,4
1000,1000,8,2023-06-16,2023-06-23,2023-06-23,Entregue,0,5
